{
    "timestamp": "2023-02-06 14:28:08",
    "file": "EC_1_filtered_FSK_demod.csv",
    "features": {
        "mean": 0.28057256,
        "variance": 0.00016945376046640002,
        "rms": 0.28087437616382877,
        "max": 0.294406,
        "min": 0.253816
    },
    "ber": 0.0,
    "state": 1
}