{
    "timestamp": "2023-02-06 14:13:14",
    "file": "EC_1_filtered_AM_demod.csv",
    "features": {
        "mean": 0.18768115,
        "variance": 0.0008654637061275,
        "rms": 0.18997283429861753,
        "max": 0.21534,
        "min": 0.131365
    },
    "ber": 0.0,
    "state": 1
}