{
    "timestamp": "2023-02-06 14:17:14",
    "file": "EC_1_filtered_AM_demod.csv",
    "features": {
        "mean": 0.052287610000000005,
        "variance": 0.0005868116719779001,
        "rms": 0.057626433444123534,
        "max": 0.092909,
        "min": 0.018526
    },
    "ber": 0.0,
    "state": 1
}